{
  "phase_vi_testing": {
    "execution_time": 1.67448091506958,
    "memory_peak_bytes": 0,
    "total_tests": 5,
    "successful_tests": 5,
    "failed_tests": 0,
    "success_rate": 1.0,
    "test_coverage": 0.84
  },
  "cognitive_metrics": {
    "Tensor Operations": {
      "avg_time": 0.010100126266479492,
      "min_time": 0.010093212127685547,
      "max_time": 0.010122060775756836,
      "std_dev": 8.225344996729286e-06
    },
    "Pattern Matching": {
      "avg_time": 0.015299677848815918,
      "min_time": 0.015066146850585938,
      "max_time": 0.016443967819213867,
      "std_dev": 0.0004820922354430069
    },
    "Attention Processing": {
      "avg_time": 0.012074971199035644,
      "min_time": 0.012065649032592773,
      "max_time": 0.012101411819458008,
      "std_dev": 1.3905911096921949e-05
    },
    "Memory Operations": {
      "avg_time": 0.008098530769348144,
      "min_time": 0.00809478759765625,
      "max_time": 0.008101701736450195,
      "std_dev": 2.8166374442480355e-06
    },
    "Integration Overhead": {
      "avg_time": 0.020091438293457033,
      "min_time": 0.020063161849975586,
      "max_time": 0.020101547241210938,
      "std_dev": 1.3800022153197306e-05
    },
    "unified_tensor_signature": {
      "phase_integration": [
        1,
        2,
        3,
        4,
        5,
        6
      ],
      "cognitive_coherence": 1.0,
      "emergent_properties": [
        "self_organization"
      ],
      "system_stability": 0.8999999998314877,
      "documentation_completeness": 1.0,
      "test_coverage": 0.84,
      "unification_degree": "fragmented",
      "cognitive_maturity": "mature",
      "transcendence_level": 0.5
    }
  },
  "performance_baselines": {
    "tensor_operations": 0.010100126266479492,
    "pattern_matching": 0.015299677848815918,
    "attention_processing": 0.012074971199035644,
    "memory_operations": 0.008098530769348144,
    "integration_overhead": 0.020091438293457033
  },
  "test_results": [
    {
      "name": "High Atom Count",
      "success": true,
      "duration": 0.10009503364562988,
      "memory_peak": 3504,
      "error": ""
    },
    {
      "name": "Memory Pressure",
      "success": true,
      "duration": 0.10008716583251953,
      "memory_peak": 0,
      "error": ""
    },
    {
      "name": "Concurrent Processing",
      "success": true,
      "duration": 0.10007429122924805,
      "memory_peak": 0,
      "error": ""
    },
    {
      "name": "Pattern Complexity",
      "success": true,
      "duration": 0.10007357597351074,
      "memory_peak": 0,
      "error": ""
    },
    {
      "name": "Attention Overload",
      "success": true,
      "duration": 0.10010337829589844,
      "memory_peak": 0,
      "error": ""
    }
  ],
  "overall_success": false
}